variable,n_in,n_outliers,q1,q3,iqr,lower,upper,factor,n_before,n_after
initial_screening_time,1698,183,0.8166666666666667,4.929166666666667,4.112500000000001,0.0,11.097916666666668,1.5,1698,1515
xray_wait_time,1022,39,12.954166666666666,31.641666666666666,18.6875,0.0,59.672916666666666,1.5,1022,983
secondary_screening_time,338,0,3.7666666666666666,6.570833333333333,2.8041666666666663,0.0,10.777083333333332,1.5,338,338
