variable,n_in,n_outliers,q1,q3,iqr,lower,upper,factor,n_before,n_after
initial_screening_xray,908,27,0.5333333333333333,1.6833333333333333,1.15,0.0,3.408333333333333,1.5,908,881
single_screening_no_xray,590,20,2.4375,6.233333333333333,3.7958333333333334,0.0,11.927083333333332,1.5,590,570
xray_service,978,64,1.35,4.7,3.35,0.0,9.725000000000001,1.5,978,914
secondary_screening_time,336,0,3.7666666666666666,6.583333333333333,2.8166666666666664,0.0,10.808333333333334,1.5,336,336
