variable,n_in,n_outliers,q1,q3,iqr,lower,upper,factor,n_before,n_after
initial_screening_xray,957,64,0.55,1.8833333333333333,1.3333333333333333,0.0,3.8833333333333333,1.5,957,893
initial_screening_no_xray,558,1,2.3875,5.75,3.3625,0.0,10.79375,1.5,558,557
xray_service,954,59,1.35,4.383333333333334,3.0333333333333337,0.0,8.933333333333334,1.5,954,895
secondary_screening_time,336,0,3.7666666666666666,6.583333333333333,2.8166666666666664,0.0,10.808333333333334,1.5,336,336
