variable,n_in,n_outliers,q1,q3,iqr,lower,upper,factor,n_before,n_after
initial_screening_xray,957,64,0.55,1.8833333333333333,1.3333333333333333,0.0,3.8833333333333333,1.5,957,893
initial_screening_no_xray,558,1,2.3875,5.75,3.3625,0.0,10.79375,1.5,558,557
xray_service,954,58,1.35,4.379166666666666,3.0291666666666663,0.0,8.922916666666666,1.5,954,896
secondary_screening_time,338,0,3.7666666666666666,6.570833333333333,2.8041666666666663,0.0,10.777083333333332,1.5,338,338
