variable,dist,n_empirical,mean_emp,mean_sim,std_emp,std_sim,p50_emp,p50_sim,mean_pct_diff,flag
service_times.initial_screening.xray_requested,lognorm,893,1.1674692049272115,1.1910270474504079,0.8237347406386071,0.9900076627401786,0.9333333333333333,0.9092746647043897,2.017855582294793,OK
service_times.initial_screening.no_xray,weibull_min,557,4.20541591861161,4.176913399223016,2.3855901547744724,2.3794240670997278,4.016666666666667,3.8977174549136167,0.6777574427882951,OK
service_times.xray_process.pooled,lognorm,896,2.775074404761905,2.81333341672575,1.9540216578393397,2.1502782341582116,2.183333333333333,2.2889726305134737,1.3786661683086514,OK
service_times.xray_process.standing,lognorm,525,2.5653650793650793,2.5822794120147026,1.8065266445615211,1.9617368402555806,2.0,2.1057134304763716,0.6593343296701274,OK
service_times.xray_process.laying,gamma,379,3.2226473175021986,3.2025043416161667,2.3210948039755297,2.3262788089345983,2.5166666666666666,2.6451179761667984,0.625044378161872,OK
service_times.secondary_screening,triang,338,5.195414201183432,5.213403423437576,1.8978432972290193,1.8397367968410256,5.025,5.003799150751446,0.3462519359870548,OK
arrivals.walkin,lognorm,694,11.377319983186743,12.614856649993074,19.228768399733006,32.7438181853024,4.955628349175,4.722040554274287,10.877224765016253,OK
arrivals.appointment_inter_arrival,lognorm,1020,7.689452536691193,7.253538510123032,17.297811939524944,15.433425701544826,2.78654225075,2.649107138593413,5.668986504411628,OK
