variable,dist,n_empirical,mean_emp,mean_sim,std_emp,std_sim,p50_emp,p50_sim,mean_pct_diff,flag
service_times.initial_screening,lognorm,1698,9.58646446800157,6.580241391975204,30.79676677268315,15.77306429692947,2.033333333333333,2.282065738983448,31.359038424027595,REVIEW
service_times.xray_process.pooled,lognorm,1022,25.304647749510764,25.410154508501744,22.193078519226365,20.472880918374447,19.008333333333333,19.408522475792026,0.41694616750008,OK
service_times.xray_process.standing,lognorm,580,23.722385057471264,23.47051713464204,23.068310318682002,19.26781179839472,17.933333333333334,17.8328405505372,1.061731028389571,OK
service_times.xray_process.laying,lognorm,435,27.567969348659002,27.821448092019686,20.90604087144672,21.506005049315604,21.9,21.725791251352323,0.919468315402108,OK
service_times.secondary_screening,triang,338,5.195414201183432,5.1997738416678505,1.8978432972290193,1.8416495437825517,5.025,4.955332921540365,0.08391324186289778,OK
arrivals.walkin,lognorm,763,11.622626636988905,12.309859925644274,19.66800853458086,27.340789041181004,5.0699123218499995,4.767224767911919,5.912891380922924,OK
arrivals.appointment,lognorm,790,10.545569620253165,9.780606998712942,17.99074514164108,13.301650442762474,6.0,5.780207336781606,7.253876737687862,OK
