variable,dist,n_empirical,mean_emp,mean_sim,std_emp,std_sim,p50_emp,p50_sim,mean_pct_diff,flag
service_times.initial_screening,lognorm,1515,2.492475247524753,2.638495044880133,2.3006784280334855,3.2960731171688753,1.65,1.6291150016124574,5.858425173946694,OK
service_times.xray_process.pooled,lognorm,896,2.775074404761905,2.8136223911660307,1.9540216578393397,2.1339487274088467,2.183333333333333,2.293579411412256,1.3890793824475187,OK
service_times.xray_process.standing,lognorm,525,2.5653650793650793,2.5930154089274136,1.8065266445615211,1.9974783341412745,2.0,2.108888073163176,1.0778321489110487,OK
service_times.xray_process.laying,gamma,379,3.2226473175021986,3.223422989802622,2.3210948039755297,2.328386851294531,2.5166666666666666,2.6893202901462736,0.02406941324949292,OK
service_times.secondary_screening,triang,338,5.195414201183432,5.167472216053198,1.8978432972290193,1.843449377643793,5.025,4.939541561134255,0.5378201630944027,OK
arrivals.walkin,lognorm,763,11.622626636988905,12.182058154759861,19.66800853458086,27.060081516941136,5.0699123218499995,4.8132089117468,4.813296815287614,OK
