variable,dist,n_empirical,mean_emp,mean_sim,std_emp,std_sim,p50_emp,p50_sim,mean_pct_diff,flag
service_times.initial_screening,lognorm,1515,2.492475247524753,2.638495044880133,2.3006784280334855,3.2960731171688753,1.65,1.6291150016124574,5.858425173946694,OK
service_times.xray_process.pooled,gamma,983,22.16531027466938,22.13075335697636,12.362994031476498,13.0323840347974,18.383333333333333,19.025936890623232,0.15590540923991622,OK
service_times.xray_process.standing,gamma,554,19.938327316486163,19.932044259450723,10.302401937892716,10.840262481872962,17.583333333333332,17.40797944818158,0.03151245806986078,OK
service_times.xray_process.laying,weibull_min,428,25.929867601246105,25.72869653462111,15.195102756343067,15.48496138462939,21.56666666666667,22.303295046861756,0.7758275889358044,OK
service_times.secondary_screening,triang,338,5.195414201183432,5.201911535908189,1.8978432972290193,1.8431986524964785,5.025,4.991413593351193,0.12505903231501325,OK
arrivals.walkin,lognorm,763,11.622626636988905,12.644908716915996,19.66800853458086,31.765788596675904,5.0699123218499995,4.908007981982738,8.795620059528437,OK
