variable,dist,n_empirical,mean_emp,mean_sim,std_emp,std_sim,p50_emp,p50_sim,mean_pct_diff,flag
service_times.initial_screening.xray_requested,lognorm,881,1.1329360575104048,1.155051946199631,0.7746696291010949,0.9911156714439006,0.9166666666666666,0.8751555544435619,1.9520862225733322,OK
service_times.single_screening.no_xray,weibull_min,0,,4.326628912877549,,2.537773415911875,,4.019358480776781,,REVIEW
service_times.xray_process.pooled,lognorm,914,2.913694383661561,2.981813596462916,2.1457418246562945,2.3983270804986967,2.183333333333333,2.3765514764770654,2.337898345939475,OK
service_times.xray_process.standing,lognorm,527,2.6030044275774826,2.6066799180973113,1.8526994333014168,2.046197067653497,2.0166666666666666,2.0987911918734246,0.1412018543222098,OK
service_times.xray_process.laying,lognorm,384,3.316276041666667,3.2880433131364755,2.445975706428804,2.787969501525478,2.5166666666666666,2.573421094425705,0.8513383136827881,OK
service_times.secondary_screening,triang,336,5.1999007936507935,5.195583906808914,1.9012018416094207,1.8399980793941801,5.025,4.964157504374882,0.08301863849307044,OK
arrivals.walkin,lognorm,692,11.379823330262548,12.23328039324256,18.73279691106185,26.207375625939697,5.140878786141666,4.94982394071197,7.4997391278509475,OK
arrivals.appointment_inter_arrival,lognorm,1014,7.612456820876249,8.00113907909748,17.089930338077316,22.43414630325833,2.841390344883333,2.577708691796242,5.105871433717925,OK
