variable,dist,n_empirical,mean_emp,mean_sim,std_emp,std_sim,p50_emp,p50_sim,mean_pct_diff,flag
service_times.initial_screening.xray_requested,lognorm,893,1.1672079134005224,1.1901660922153787,0.823676797755932,0.9892690372952337,0.9333333333333333,0.9087237199702053,1.9669313882537298,OK
service_times.initial_screening.no_xray,weibull_min,557,4.20541591861161,4.179256847540175,2.3855901547744724,2.380335628927186,4.016666666666667,3.8994718843966716,0.622032911314796,OK
service_times.xray_process.pooled,lognorm,895,2.7781750465549346,2.8161900086812834,1.9538965564593755,2.148754292902641,2.183333333333333,2.293106288490035,1.368342940574933,OK
service_times.xray_process.standing,lognorm,524,2.5702608142493637,2.5861589196501518,1.8065920181191497,1.9599008935789202,2.0166666666666666,2.112453648290192,0.6185405509296945,OK
service_times.xray_process.laying,gamma,379,3.2226473175021986,3.203177611977551,2.3210948039755297,2.3261527915054017,2.5166666666666666,2.6462630128417306,0.6041525369191837,OK
service_times.secondary_screening,triang,336,5.1999007936507935,5.214030162444552,1.9012018416094207,1.8419515594180746,5.025,5.004328148472142,0.2717238146352909,OK
arrivals.walkin,lognorm,692,11.360187393730348,12.465651719421,19.06222349298365,31.253882783881302,5.029923174583334,4.806016444685836,9.731039527576412,OK
arrivals.appointment_inter_arrival,lognorm,1015,7.719946908730853,7.344779225541706,17.16141020554607,15.37290526602086,2.8994547475,2.7292948330422835,4.859718436209094,OK
