department,visits,xray_visits,standing_visits,laying_visits,xray_probability,prob_standing,prob_laying
AdultHipKnee,811,516,263,247,0.6362515413070283,0.515686274509804,0.4843137254901961
ShoulderSports,313,150,114,34,0.4792332268370607,0.7702702702702703,0.22972972972972974
ChildOrtho,236,128,68,60,0.5423728813559322,0.53125,0.46875
BoneCyst,203,95,46,49,0.46798029556650245,0.4842105263157895,0.5157894736842106
Spine,167,85,56,29,0.5089820359281437,0.6588235294117647,0.3411764705882353
KneeMeniscus,64,30,22,8,0.46875,0.7333333333333333,0.26666666666666666
Unknown,59,40,25,15,0.6779661016949152,0.625,0.375
BoneDeformity,17,3,1,2,0.17647058823529413,0.3333333333333333,0.6666666666666666
