department,visits,xray_visits,xray_probability
AdultHipKnee,811,516,0.6362515413070283
ShoulderSports,313,150,0.4792332268370607
ChildOrtho,236,128,0.5423728813559322
BoneCyst,203,95,0.46798029556650245
Spine,167,85,0.5089820359281437
KneeMeniscus,64,30,0.46875
Unknown,59,40,0.6779661016949152
BoneDeformity,17,3,0.17647058823529413
